{"uuid":"d1d50441-2f99-5005-2982-1bd59584a778","score":"300","min_score":"0","name":"usr.bin.shell","subject":"admin","state":"broken","author":"[Life] \u041c\u0430\u043a\u0441\u0438\u043c \u0421\u043c\u0438\u0440\u043d\u043e\u0432 (@by_sm)","text":"Mr.S likes to use vim. And you too?\n\nfhq1@e6c.ru -p 22222\nPassword: 1234","description_state":":Explore - \u0432\u044b\u0437\u044b\u0432\u0430\u0435\u0442 \u0444\u0430\u0439\u043b\u043e\u0432\u0443\u044e \u0441\u0438\u0441\u0442\u0435\u043c\u0443, \u043c\u043e\u0436\u043d\u043e \u043d\u0430\u0439\u0442\u0438 \u043f\u0430\u043f\u043a\u0443 \u0441 \u0444\u0430\u0439\u043b\u043e\u043c *.py\n#python3.5 usr\/home\/fhq1\/Flag\/Flag.py\nprofit!\nOr....\n:shell set=usr\/bin\/bash","answer":"FHQ(v1m_it'$_$0_h@rd_cl@$$1c)","date_create":"2016-10-06 02:44:35","date_change":"2016-11-06 04:34:37","game":{"uuid":"acbd71be-8e83-99fc-f7bb-2b7f61362efe","title":"FHQ2016"},"files":[]}