{"uuid":"a9d21cca-65f2-db65-d4bc-21f22ec67c24","score":"200","min_score":"0","name":"Stop_me","subject":"reverse","state":"open","author":"[Life] \u041f\u043e\u0434\u043e\u0431\u0430\u0435\u0432 \u041c\u0430\u043a\u0441\u0438\u043c (@swissarmy)","text":"Start or not start? That is the question.\n\n<a class=\"fhqbtn\" target=\"_ablank\" href=\"files\/quests\/65D1CEBC-A6C8-879B-EA7D-C06A203386C9_stop_me.exe\">Download stop_me.exe<\/a>","description_state":"\u0420\u0435\u0448\u0430\u0440\u043f\u0435\u0440 \u0438\u043b\u0438 \u0440\u0435\u0444\u043b\u0435\u043a\u0442\u043e\u0440 \u0432 \u0437\u0443\u0431\u044b \u0438 \u0432\u043f\u0435\u0440\u0435\u0434:))","answer":"FHQ{c4tch_m3_1f_y0u_c4n}","date_create":"2016-11-06 05:53:40","date_change":"2016-11-06 05:54:00","game":{"uuid":"acbd71be-8e83-99fc-f7bb-2b7f61362efe","title":"FHQ2016"},"files":[{"uuid":"65D1CEBC-A6C8-879B-EA7D-C06A203386C9","filename":"stop_me.exe","filepath":"files\/quests\/65D1CEBC-A6C8-879B-EA7D-C06A203386C9_stop_me.exe","size":"8192"}]}