{"uuid":"0f6999d9-3e72-3fc2-9da5-f71436906393","score":"400","min_score":"0","name":"Zeus","subject":"crypto","state":"open","author":"[Life] ? ","text":"EN: And what if I told you that your documents have been encrypted by Zeus?\n\nRU: \u0410 \u0447\u0442\u043e, \u0435\u0441\u043b\u0438 \u044f \u0432\u0430\u043c \u0441\u043a\u0430\u0436\u0443 \u0432\u0430\u043c, \u0447\u0442\u043e \u0432\u0430\u0448\u0438 \u0434\u043e\u043a\u0443\u043c\u0435\u043d\u0442\u044b \u0431\u044b\u043b\u0438 \u0437\u0430\u0448\u0438\u0444\u0440\u043e\u0432\u0430\u043d\u044b \u0417\u0435\u0432\u0441\u043e\u043c?\n\n<a class=\"fhqbtn\" target=\"_ablank\" href=\"files\/quests\/098029FA-3794-F98C-B90D-6B619EFE67D6_Cipher.txt\">Download Cipher.txt<\/a>\n\n<img width=\"250px\" src=\"files\/quests\/6B83458B-7EA6-2BCE-7905-CD45BEEBE481_zeus.jpg\"\/>","description_state":"\u0410\u0444\u0438\u043d\u0441\u043a\u0438\u0439 \u0448\u0438\u0444\u0440. \u0417\u0435\u0432\u0441 - \u043a\u0430\u043a \u0431\u044b \u043d\u0430\u043c\u0435\u043a. \n\u041a\u043b\u044e\u0447 - 2023.","answer":"FHQ(here was Zeus)","date_create":"2016-10-12 03:20:05","date_change":"2016-10-12 03:20:52","game":{"uuid":"acbd71be-8e83-99fc-f7bb-2b7f61362efe","title":"FHQ2016"},"files":[{"uuid":"6B83458B-7EA6-2BCE-7905-CD45BEEBE481","filename":"zeus.jpg","filepath":"files\/quests\/6B83458B-7EA6-2BCE-7905-CD45BEEBE481_zeus.jpg","size":"52168"},{"uuid":"098029FA-3794-F98C-B90D-6B619EFE67D6","filename":"Cipher.txt","filepath":"files\/quests\/098029FA-3794-F98C-B90D-6B619EFE67D6_Cipher.txt","size":"73"}]}