{"uuid":"d092af2c-fa91-226d-3ff4-2b94920aa33d","score":"500","min_score":"0","name":"Sound","subject":"stego","state":"open","author":"[Life] \u0424\u0451\u0434\u043e\u0440\u043e\u0432 \u0414\u043c\u0438\u0442\u0440\u0438\u0439","text":"Now you listen me.\n\n<img width=\"250px\" src=\"files\/quests\/DD754205-D404-F8F5-6315-999ADE0EB73D_Sound.jpg\"\/>","description_state":"https:\/\/habrahabr.ru\/post\/220061\/","answer":"FHQ(Shelter_Snowflakes)","date_create":"2016-11-06 06:09:33","date_change":"2016-11-06 06:09:51","game":{"uuid":"acbd71be-8e83-99fc-f7bb-2b7f61362efe","title":"FHQ2016"},"files":[{"uuid":"DD754205-D404-F8F5-6315-999ADE0EB73D","filename":"Sound.jpg","filepath":"files\/quests\/DD754205-D404-F8F5-6315-999ADE0EB73D_Sound.jpg","size":"82953"}]}