{"uuid":"8993ae9f-4a0c-17cb-80bf-b05bd801d937","score":"300","min_score":"0","name":"Matreshka_v2.0","subject":"ppc","state":"open","author":"[Life] \u041c\u0430\u043a\u0441\u0438\u043c \u0421\u043c\u0438\u0440\u043d\u043e\u0432 (@by_sm)","text":"The joke was over.\nIt is time to work out their 700 points.\n\nTTTTT TU TTTTT TTTTU TTTTU TTTTT UUTTT UUUUT TTTTT TU TTTTU TTTTU TTTTU TTTTT UU\nTTT UUTTT TTTTT TU TTTTT UUTTT TTTTU UUUUT UUTTT UUUTT TTTTT TU TTTTT UUTTT TTTT\nU UTTTT UTTTT UTT TTTTT TU UTTTT TU UTTTT TTTTU UTTTT UTTT TTTTU T UTTTT UTT TTT\nTT TTUUU UTTTT TU TTTTT UUUUT TTTTT TTTTU UTTTT UTTT TTTUU TTTTU TTTTU UTT UUTTT\n TU UTTTT UUTTT TTTUU TTTTT TTTTU UTT TTTTU TTTTU TTTTU TTTTT UUTTT TU TTTTT TU\nUTTTT TU TTTTT TUUUU TTTUU TUUUU TTTTU T UUTTT TU TTTTU TUUUU TTTUU UTT","description_state":"flag\nmd5(flag)\nbs64(md5)\nhex(bs64)\nMorse(hex)\nCaesar(Morse)","answer":"FHQ(Not_bad.How_about_v3?)","date_create":"2016-11-06 05:30:53","date_change":"2016-11-06 05:30:53","game":{"uuid":"acbd71be-8e83-99fc-f7bb-2b7f61362efe","title":"FHQ2016"},"files":[]}