{"uuid":"b5f65e00-3cfd-949f-1b0e-b3f046fa28ac","score":"300","min_score":"0","name":"Classic","subject":"crypto","state":"open","author":"[Life] \u041c\u0430\u043a\u0441\u0438\u043c \u0421\u043c\u0438\u0440\u043d\u043e\u0432 (@by_sm)","text":"EN: We like a classic! \"Km'x kd cneulnu, gecpnr? KZF(Vkkggjjt_iu_wq_vqshskg)\"\nRU: \u041d\u0430\u043c \u043d\u0440\u0430\u0432\u0438\u0442\u0441\u044f \u043a\u043b\u0430\u0441\u0441\u0438\u0447\u0435\u0441\u043a\u0438\u0439! \"Km'x kd cneulnu, gecpnr? KZF(Vkkggjjt_iu_wq_vqshskg)\"\n\n\n<img width=\"250px\" src=\"files\/quests\/4FF6FF36-0D59-45CD-9AA4-C328FA0F9891_Classic.jpg\"\/>","description_state":"* \u041a\u043b\u0430\u0441\u0441\u0438\u0447\u0435\u0441\u043a\u0438\u0439 \u0412\u0438\u0436\u0435\u043d\u0435\u0440, \u043d\u043e \u0432\u043e\u0442 \u043a\u043b\u044e\u0447 \u043f\u0440\u0438\u0434\u0435\u0442\u0441\u044f \u0431\u0440\u0443\u0442\u0438\u0442\u044c :)\n* key = 'ctfspace'\n\nOriginal text: `Km'x kd cneulnu, gecpnr? KZF(Vkkggjjt_iu_wq_vqshskg)`\n\nDecrypted text: `It's so classic, really? FHQ(Vigenere_is_so_classic)`","answer":"FHQ(Vigenere_is_so_classic)","date_create":"2016-10-12 02:18:55","date_change":"2016-11-06 04:29:11","game":{"uuid":"acbd71be-8e83-99fc-f7bb-2b7f61362efe","title":"FHQ2016"},"files":[{"uuid":"4FF6FF36-0D59-45CD-9AA4-C328FA0F9891","filename":"Classic.jpg","filepath":"files\/quests\/4FF6FF36-0D59-45CD-9AA4-C328FA0F9891_Classic.jpg","size":"147416"}]}