{"uuid":"e49e3029-12bd-ca51-9746-805672d6c5a8","score":"400","min_score":"0","name":"Sleep","subject":"stego","state":"open","author":"[Life] \u0424\u0451\u0434\u043e\u0440\u043e\u0432 \u0414\u043c\u0438\u0442\u0440\u0438\u0439","text":"I want to sleep\n\n\n<a class=\"fhqbtn\" target=\"_ablank\" href=\"files\/quests\/392F6B7B-F91E-89C8-080C-4AAE71AF67C4_SLEEEEEEEEEEEEEEEEEEEEEEEEEEEEEEEEEEEEEEEEEEEEEEEEEEEEP.wav\">Download SLEEEEEEEEEEEEEEEEEEEEEEEEEEEEEEEEEEEEEEEEEEEEEEEEEEEEP.wav<\/a>","description_state":"\u0424\u0430\u0439\u043b > \u0421\u043f\u0435\u043a\u0442\u0440 > Base64","answer":"FHQ(i_love_sleep)","date_create":"2016-11-06 06:07:41","date_change":"2016-11-06 06:08:12","game":{"uuid":"acbd71be-8e83-99fc-f7bb-2b7f61362efe","title":"FHQ2016"},"files":[{"uuid":"392F6B7B-F91E-89C8-080C-4AAE71AF67C4","filename":"SLEEEEEEEEEEEEEEEEEEEEEEEEEEEEEEEEEEEEEEEEEEEEEEEEEEEEP.wav","filepath":"files\/quests\/392F6B7B-F91E-89C8-080C-4AAE71AF67C4_SLEEEEEEEEEEEEEEEEEEEEEEEEEEEEEEEEEEEEEEEEEEEEEEEEEEEEP.wav","size":"41542244"}]}