{"uuid":"c7793b01-2437-06ae-a86a-5b100916785b","score":"100","min_score":"0","name":"Dante","subject":"recon","state":"open","author":"[Life] \u0424\u0451\u0434\u043e\u0440\u043e\u0432 \u0414\u043c\u0438\u0442\u0440\u0438\u0439","text":"The capital of the divine comedy?\nFormat flag = 'FHQ(%answer%)'","description_state":"Godville. Just google.","answer":"FHQ(Godville)","date_create":"2016-11-06 05:44:30","date_change":"2016-11-06 05:44:57","game":{"uuid":"acbd71be-8e83-99fc-f7bb-2b7f61362efe","title":"FHQ2016"},"files":[]}