{"uuid":"0e166358-120e-c4a5-5f52-51c0baf470ef","score":"400","min_score":"0","name":"LogicAnalyzer","subject":"forensics","state":"open","author":"[Life] \u0414\u043c\u0438\u0442\u0440\u0438\u0439 \u0411\u043e\u0440\u043e\u0434\u0438\u043d","text":"RU: \u041e\u043f\u0438\u0441\u0430\u043d\u0438\u0435 \u0432 story.txt. Format_Flag='FHQ(IP)'\nEN: Description in story.txt.\n\n<a class=\"fhqbtn\" target=\"_ablank\" href=\"files\/quests\/139609F8-DCB4-9F7C-BBB5-D4253316FB51_story.txt\">Download story.txt<\/a>\n\nFormat_Flag='FHQ(IP)'\n\n<a class=\"fhqbtn\" href=\"https:\/\/drive.google.com\/file\/d\/0BzfPP2u0U3CsTWZzRTVKS0JXYWs\/view?usp=sharing\">Download From Google Drive<\/a>","description_state":"","answer":"FHQ(224.1.78.11)","date_create":"2016-10-14 02:58:06","date_change":"2016-11-06 04:36:20","game":{"uuid":"acbd71be-8e83-99fc-f7bb-2b7f61362efe","title":"FHQ2016"},"files":[{"uuid":"139609F8-DCB4-9F7C-BBB5-D4253316FB51","filename":"story.txt","filepath":"files\/quests\/139609F8-DCB4-9F7C-BBB5-D4253316FB51_story.txt","size":"18539"}]}