{"uuid":"3daccf84-4d6c-494a-6de2-3741978b30ea","score":"100","min_score":"0","name":"Cheater","subject":"reverse","state":"open","author":"[Life] \u041c\u0430\u0440\u0438\u044f \u0410\u043d\u0430\u043d\u044c\u0435\u0432\u0430","text":"This cheat must be defeated!!!\n\n\n<a class=\"fhqbtn\" target=\"_ablank\" href=\"files\/quests\/0E5D6E6D-445B-7112-358A-C71626C4629A_Cheater.exe\">Download Cheater.exe<\/a>","description_state":"gdb.\n\u043f\u0440\u043e\u0441\u0442\u043e \u043f\u043e\u043c\u0435\u043d\u044f\u0439 '>' \u043d\u0430 '<'","answer":"FHQ(f644f92c72a477ec29103faee8597f29)","date_create":"2016-11-06 05:51:53","date_change":"2016-11-07 17:07:51","game":{"uuid":"acbd71be-8e83-99fc-f7bb-2b7f61362efe","title":"FHQ2016"},"files":[{"uuid":"0E5D6E6D-445B-7112-358A-C71626C4629A","filename":"Cheater.exe","filepath":"files\/quests\/0E5D6E6D-445B-7112-358A-C71626C4629A_Cheater.exe","size":"37376"}]}