{"uuid":"f785229a-5693-45f0-a084-cec3a5a3454b","score":"300","min_score":"0","name":"greed","subject":"stego","state":"open","author":"[keva] sea-kg","text":"RU: \u041a\u0442\u043e-\u0442\u043e \u0441\u043f\u0440\u044f\u0442\u0430\u043b \u0432 \u043a\u0430\u0440\u0442\u0438\u043d\u043a\u0435 \u0438\u043d\u0444\u043e\u0440\u043c\u0430\u0446\u0438\u044e.\nEN: Someone hid in the picture information.\n\n<img width=\"250px\" src=\"files\/quests\/A545801C-FB33-FB01-A623-E7BDD2C59EA7_greed.png\"\/>\n\n\nHint\nRU: LSB\nEN: LSB\n","description_state":"# Greed\n\n## Solution by author\n\n* download program: `git clone https:\/\/github.com\/sea-kg\/stego-packer.git stego-packer.git`\n* make this program `qmake & make` (qt-sdk must be installed)\n* call `.\/packer unpack greed.png`\n\n\n## Generate\n\n`.\/packer pack orig\/greed.png greed.png \"FHQ(lsbisaclassicforsteganography)\"`\n\ncheck:\n\n`.\/packer unpack greed.png`","answer":"FHQ(lsbisaclassicforsteganography)","date_create":"2016-11-06 06:05:40","date_change":"2016-11-06 06:06:07","game":{"uuid":"acbd71be-8e83-99fc-f7bb-2b7f61362efe","title":"FHQ2016"},"files":[{"uuid":"A545801C-FB33-FB01-A623-E7BDD2C59EA7","filename":"greed.png","filepath":"files\/quests\/A545801C-FB33-FB01-A623-E7BDD2C59EA7_greed.png","size":"93918"}]}