{"uuid":"1e99cea8-84e4-66c6-999e-c25284fafc46","score":"300","min_score":"0","name":"YouShellNotPass","subject":"admin","state":"broken","author":"[Life] \u041c\u0430\u043a\u0441\u0438\u043c \u0421\u043c\u0438\u0440\u043d\u043e\u0432 (@by_sm)","text":"AHAHAHAHAHAHAAHAHAHAHA! (c) hello from Mr.S\n\nfhq1@e6c.ru -p 22222\nPassword: 1234","description_state":"ls -R \/*\/*\/*\/","answer":"FHQ(01dbb5a08c7bc9e461e40a8b220315b0)","date_create":"2016-10-06 02:48:56","date_change":"2016-11-06 04:33:53","game":{"uuid":"acbd71be-8e83-99fc-f7bb-2b7f61362efe","title":"FHQ2016"},"files":[]}