{"uuid":"3c02984d-9517-ebcd-6def-4577475731fa","score":"100","min_score":"0","name":"Like","subject":"crypto","state":"open","author":"[Life] \u041c\u0430\u043a\u0441\u0438\u043c \u0421\u043c\u0438\u0440\u043d\u043e\u0432 (@by_sm)","text":"RU: \u0422\u0435\u0431\u0435 \u043f\u043e\u043d\u0440\u0430\u0432\u0438\u0442\u0441\u044f!\nEN: You like this!\n\n<a class=\"fhqbtn\" target=\"_ablank\" href=\"files\/quests\/BFC5C173-01FD-1AA6-105E-E674CFC6CEE0_Easy.txt\">Download Easy.txt<\/a>\n\n<img width=\"250px\" src=\"files\/quests\/B2918222-BA1B-CD3C-1353-1013F29523AD_Easy.jpg\"\/>","description_state":"Caesar, key = 23.","answer":"FHQ(Y0U_L1KE_TH1$)","date_create":"2016-10-12 02:48:32","date_change":"2016-11-06 04:28:36","game":{"uuid":"acbd71be-8e83-99fc-f7bb-2b7f61362efe","title":"FHQ2016"},"files":[{"uuid":"BFC5C173-01FD-1AA6-105E-E674CFC6CEE0","filename":"Easy.txt","filepath":"files\/quests\/BFC5C173-01FD-1AA6-105E-E674CFC6CEE0_Easy.txt","size":"73"},{"uuid":"B2918222-BA1B-CD3C-1353-1013F29523AD","filename":"Easy.jpg","filepath":"files\/quests\/B2918222-BA1B-CD3C-1353-1013F29523AD_Easy.jpg","size":"14382"}]}