{"uuid":"a84aab0a-3057-c292-d250-34fd2ddfddbc","score":"100","min_score":"0","name":"Alalax","subject":"stego","state":"open","author":"[keva] sea-kg, [keva] f0x","text":"RU: \u041f\u0435\u0440\u0435\u0445\u0432\u0430\u0442\u0438\u043b\u0438 \u0441\u0442\u0440\u0430\u043d\u043d\u044b\u0439 \u0444\u0430\u0439\u043b\nEN: Intercepted a strange file\n\n<a class=\"fhqbtn\" target=\"_ablank\" href=\"files\/quests\/2F766468-9FA2-5069-3DD2-C59AEF2D74DA_alalax.xcf\">Download alalax.xcf<\/a>","description_state":"# Alalax\n\n## Solution by authors\n\n* Open with gimp\n* Take 3'rd layout\n* Detect MaxiCode_2D\n* Read decode online https:\/\/zxing.org\/w\/decode.jspx\n\n## Links\n\n* Generate MaxiCode:\n\thttp:\/\/barcode.tec-it.com\/ru#\n\n* Decode:\n\thttps:\/\/zxing.org\/w\/decode.jspx","answer":"FHQ(alalax_is_just_delirium)","date_create":"2016-11-06 05:58:14","date_change":"2016-11-06 05:58:59","game":{"uuid":"acbd71be-8e83-99fc-f7bb-2b7f61362efe","title":"FHQ2016"},"files":[{"uuid":"2F766468-9FA2-5069-3DD2-C59AEF2D74DA","filename":"alalax.xcf","filepath":"files\/quests\/2F766468-9FA2-5069-3DD2-C59AEF2D74DA_alalax.xcf","size":"142850"}]}